{
	"IcoMoonType": "selection",
	"icons": [
		{
			"icon": {
				"paths": [
					"M384 96v32h-192v128h64v64h64v-64h192v-64h64v64h128v64h64v-192h-128v-64h-256v32z",
					"M384 352v32h-64v64h-64v-64h-64v448h64v64h64v64h320v-64h64v-64h64v-64h64v-64h128v-320h-320v-64h-256v32zM896 544v96h-128v-128h64v-64h64v96z"
				],
				"attrs": [
					{},
					{}
				],
				"grid": 0,
				"tags": [
					"favicon2 (1)"
				]
			},
			"attrs": [
				{},
				{}
			],
			"properties": {
				"order": 1,
				"id": 1,
				"prevSize": 32,
				"code": 58880,
				"name": "beermug",
				"ligatures": ""
			},
			"setIdx": 0,
			"iconIdx": 0
		}
	],
	"height": 1024,
	"metadata": {
		"name": "icomoon"
	},
	"preferences": {
		"fontPref": {
			"prefix": "icon-",
			"metadata": {
				"fontFamily": "icomoon"
			},
			"showGlyphs": true,
			"metrics": {
				"emSize": 512,
				"baseline": 6.25,
				"whitespace": 50
			},
			"resetPoint": 58880,
			"showQuickUse": true,
			"quickUsageToken": false,
			"showMetrics": true,
			"showMetadata": false
		},
		"imagePref": {
			"color": 0,
			"height": 32,
			"columns": 16,
			"margin": 16,
			"png": false,
			"sprites": true
		},
		"historySize": 100,
		"showCodes": true,
		"gridSize": 16,
		"showLiga": false,
		"showGrid": true,
		"showGlyphs": true,
		"showQuickUse": true,
		"search": ""
	}
}